id_product,name_product,img
camera-ip-360-do-2mp-tp-link-tapo-c200c,Camera IP 360 Độ 2MP TP-Link Tapo C200C,https://cdnv2.tgdd.vn/mwg-static/tgdd/Products/Images/4728/327948/camera-ip-360-do-2mp-tp-link-tapo-c200c-thumb-1-638665875350282813-600x600.jpg
camera-ip-360-do-3mp-imou-ta32cp-l-trang,Camera IP 360 Độ 3MP IMOU TA32CP-L,https://cdnv2.tgdd.vn/mwg-static/tgdd/Products/Images/4728/325086/camera-ip-360-do-3mp-imou-ta32cp-l-trang-thumb-1-638665866073272835-600x600.jpg
camera-ip-360-do-1080p-ezviz-c6n-trang,Camera IP 360 Độ 2MP Ezviz C6N,https://cdnv2.tgdd.vn/mwg-static/tgdd/Products/Images/4728/285250/camera-ip-360-do-1080p-ezviz-c6n-trang-thumb-1-638665769248444436-600x600.jpg
camera-ip-360-do-2mp-tiandy-tc-h322n,Camera IP 360 Độ 2MP TIANDY TC-H322N,https://cdnv2.tgdd.vn/mwg-static/tgdd/Products/Images/4728/319642/camera-ip-360-do-2mp-tiandy-tc-h322n-thumb-1-638665858822811853-600x600.jpg
camera-ip-360-do-3mp-ezviz-ty1,Camera IP 360 Độ 3MP EZVIZ TY1,https://cdnv2.tgdd.vn/mwg-static/tgdd/Products/Images/4728/329241/camera-ip-360-do-3mp-ezviz-ty1-thumb-1-638665876017214332-600x600.jpg
camera-ip-360-do-3mp-ezviz-c60p-dual,Camera IP 360 Độ 3MP Ezviz C60P Dual,https://cdnv2.tgdd.vn/mwg-static/tgdd/Products/Images/4728/336249/camera-ip-360-do-3mp-ezviz-c60p-dual-thumb-1-638792721107740090-600x600.jpg
camera-ip-360-do-1080p-tp-link-tapo-tc70-trang,Camera IP 360 Độ 2MP TP-Link Tapo TC70,https://cdnv2.tgdd.vn/mwg-static/tgdd/Products/Images/4728/235820/camera-ip-360-do-1080p-tp-link-tapo-tc70-trang-thumb-1-638665767170989592-600x600.jpg
camera-ip-360-do-3mp-imou-ranger-rc-gk2cp-3c0wr,Camera IP 360 Độ 3MP IMOU RANGER RC GK2CP-3C0WR,https://cdnv2.tgdd.vn/mwg-static/tgdd/Products/Images/4728/321919/camera-ip-360-do-3mp-imou-ranger-rc-gk2cp-3c0wr-thumb-1-638665865193351636-600x600.jpg
camera-ip-360-do-3mp-tiandy-tc-h332n,Camera IP 360 Độ 3MP TIANDY TC-H332N,https://cdnv2.tgdd.vn/mwg-static/tgdd/Products/Images/4728/319643/camera-ip-360-do-3mp-tiandy-tc-h332n-thumb-1-638665859057734172-600x600.jpg
camera-ip-360-do-3mp-365-selection-c1,Camera IP 360 Độ 3MP 365 Selection C1,https://cdnv2.tgdd.vn/mwg-static/tgdd/Products/Images/4728/329518/camera-ip-360-do-3mp-365-selection-c1-thumb-1-638665879913127844-600x600.jpg
camera-ip-360-do-8mp-ezviz-c6c,Camera IP 360 Độ 8MP Ezviz C6C,https://cdnv2.tgdd.vn/mwg-static/tgdd/Products/Images/4728/336248/camera-ip-360-do-8mp-ezviz-c6c-thumb-01-638792747095315494-600x600.jpg
camera-ip-360-do-4mp-ezviz-h6c-pro,Camera IP 360 Độ 4MP EZVIZ H6C Pro,https://cdnv2.tgdd.vn/mwg-static/tgdd/Products/Images/4728/323199/camera-ip-360-do-4mp-ezviz-h6c-pro-thumb-1-638665865629715445-600x600.jpg
camera-ip-360-do-3mp-botslab-c212?utm_flashsale=1,Camera IP 360 Độ 3MP BOTSLAB C212,https://cdnv2.tgdd.vn/mwg-static/tgdd/Products/Images/4728/319451/camera-ip-360-do-3mp-botslab-c212-thumb-1-638665854259627368-600x600.jpg
camera-ip-360-do-3mp-tp-link-tapo-c210,Camera IP 360 Độ 3MP TP-Link Tapo C210,https://cdnv2.tgdd.vn/mwg-static/tgdd/Products/Images/4728/242566/camera-ip-360-do-3mp-tp-link-tapo-c210-thumb-1-638665769036697985-600x600.jpg
camera-ip-360-do-5mp-365-selection-c2,Camera IP 360 Độ 5MP 365 Selection C2,https://cdnv2.tgdd.vn/mwg-static/tgdd/Products/Images/4728/329519/camera-ip-360-do-5mp-365-selection-c2-thumb-1-638665880164086375-600x600.jpg
camera-ip-360-do-4mp-tp-link-tapo-c220-trang,Camera IP 360 Độ 4MP TP-Link Tapo C220,https://cdnv2.tgdd.vn/mwg-static/tgdd/Products/Images/4728/330300/camera-ip-360-do-4mp-tp-link-tapo-c220-trang-thumb-1-638665880781342867-600x600.jpg
camera-trong-tre-1080p-ezviz-bm1,Camera Trông Trẻ 2MP EZVIZ BM1,https://cdnv2.tgdd.vn/mwg-static/tgdd/Products/Images/4728/310496/camera-trong-tre-1080p-ezviz-bm1-thumb-1-638665853861172727-600x600.jpg
camera-ip-360-do-4mp-imou-ranger-rc-gk2cp-4c0wr,Camera IP 360 Độ 4MP IMOU RANGER RC GK2CP-4C0WR,https://cdnv2.tgdd.vn/mwg-static/tgdd/Products/Images/4728/321920/camera-ip-360-do-4mp-imou-ranger-rc-gk2cp-4c0wr-thumb-1-638665865349488180-600x600.jpg
camera-ip-360-do-5mp-imou-ranger-rc-gk2cp-5c0wr,Camera IP 360 Độ 5MP IMOU RANGER RC GK2CP-5C0WR,https://cdnv2.tgdd.vn/mwg-static/tgdd/Products/Images/4728/321921/camera-ip-360-do-5mp-imou-ranger-rc-gk2cp-5c0wr-thumb-1-638665865476438206-600x600.jpg
camera-ip-360-do-5mp-ezviz-ty1,Camera IP 360 Độ 5MP EZVIZ TY1,https://cdnv2.tgdd.vn/mwg-static/tgdd/Products/Images/4728/333276/camera-ip-360-do-5mp-ezviz-ty1-thumb-1-638704839969131405-600x600.jpg
camera-ip-360-do-3mp-imou-ranger-dual-s2xp-6m0wed,Camera IP 360 Độ 3MP IMOU Ranger Dual S2XP-6M0WED,https://cdnv2.tgdd.vn/mwg-static/tgdd/Products/Images/4728/326494/camera-ip-360-do-3mp-imou-ranger-dual-s2xp-6m0wed-thumb-1-638665871504049240-600x600.jpg
camera-ip-360-do-3k-imou-rex-2d-gk2dp,Camera IP 360 Độ 5MP IMOU Rex 2D GK2DP,https://cdnv2.tgdd.vn/mwg-static/tgdd/Products/Images/4728/307176/camera-ip-360-do-3k-imou-rex-2d-gk2dp-thumb-1-638665770334569876-600x600.jpg
camera-ip-360-do-5mp-imou-ranger-dual-ipc-s2xp-10m0wed,Camera IP 360 Độ 5MP IMOU Ranger Dual IPC-S2XP-10M0WED,https://cdnv2.tgdd.vn/mwg-static/tgdd/Products/Images/4728/335783/camera-ip-360-do-5mp-imou-ranger-dual-ipc-s2xp-10m0wed-thumb-1-638779171957898307-600x600.jpg
camera-ip-360-do-5mp-tp-link-tapo-tc74,Camera IP 360 Độ 5MP TP-Link Tapo TC74,https://cdnv2.tgdd.vn/mwg-static/tgdd/Products/Images/4728/338151/camera-ip-360-do-5mp-tp-link-tapo-tc74-thumb-1-638829163756035291-600x600.jpg
camera-ip-360-do-4mp-ezviz-ty7-dual,Camera IP 360 Độ 4MP EZVIZ TY7 Dual,https://cdnv2.tgdd.vn/mwg-static/tgdd/Products/Images/4728/329242/camera-ip-360-do-4mp-ezviz-ty7-dual-thumb-1-638665879756087934-600x600.jpg
camera-ip-360-do-5mp-imou-rex-vt-pro-s2vbp-5m0wr,Camera IP 360 Độ 5MP IMOU Rex VT Pro S2VBP-5M0WR,https://cdnv2.tgdd.vn/mwg-static/tgdd/Products/Images/4728/326419/camera-ip-360-do-5mp-imou-rex-vt-pro-s2vbp-5m0wr-thumb-1-638665866212317592-600x600.jpg
camera-ip-360-do-5mp-botslab-c221,Camera IP 360 Độ 5MP BOTSLAB C221,https://cdnv2.tgdd.vn/mwg-static/tgdd/Products/Images/4728/319453/camera-ip-360-do-5mp-botslab-c221-thumb-1-638665854418523307-600x600.jpg
camera-ip-360-do-5mp-ezviz-h6,Camera IP 360 Độ 5MP EZVIZ H6,https://cdnv2.tgdd.vn/mwg-static/tgdd/Products/Images/4728/323202/camera-ip-360-do-5mp-ezviz-h6-thumb-1-638665865774226036-600x600.jpg
camera-trong-tre-3mp-365-selection-pb1?utm_flashsale=1,Camera trông trẻ 3MP 365 Selection PB1,https://cdnv2.tgdd.vn/mwg-static/tgdd/Products/Images/4728/329529/camera-trong-tre-3mp-365-selection-pb1-thumb-1-638665880611144473-600x600.jpg
camera-ip-ngoai-troi-360-do-5mp-tp-link-tapo-c530ws,Camera IP Ngoài trời 360 Độ 5MP TP-Link Tapo C530WS,https://cdnv2.tgdd.vn/mwg-static/tgdd/Products/Images/4728/335126/camera-ip-ngoai-troi-360-do-5mp-tp-link-tapo-c530ws-thumb-1-638767911461632616-600x600.jpg
camera-ip-ngoai-troi-360-do-4mp-imou-cruiser-dual-2-pro-ipc-s7xfp-8u0wed,Camera IP Ngoài Trời 360 Độ 4MP IMOU Cruiser Dual 2 Pro IPC-S7XFP-8U0WED,https://cdnv2.tgdd.vn/mwg-static/tgdd/Products/Images/4728/339118/camera-ip-ngoai-troi-360-do-4mp-imou-cruiser-dual-2-pro-ipc-s7xfp-8u0wed-thumb-1-638853251339401581-600x600.jpg
camera-ip-ngoai-troi-2mp-ezviz-h3c,Camera IP Ngoài Trời 2MP Ezviz H3C,https://cdnv2.tgdd.vn/mwg-static/tgdd/Products/Images/4728/332412/camera-ip-ngoai-troi-2mp-ezviz-h3c-thumb-1-638682119975192794-600x600.jpg
camera-ip-ngoai-troi-360-do-3mp-tp-link-tapo-c510w,Camera IP Ngoài trời 360 Độ 3MP TP-Link Tapo C510W,https://cdnv2.tgdd.vn/mwg-static/tgdd/Products/Images/4728/335125/camera-ip-ngoai-troi-360-do-3mp-tp-link-tapo-c510w-thumb-1-638767907539843112-600x600.jpg
camera-ip-ngoai-troi-3mp-tp-link-tapo-tc65,Camera IP Ngoài Trời 3MP TP-Link Tapo TC65,https://cdnv2.tgdd.vn/mwg-static/tgdd/Products/Images/4728/307989/camera-ip-ngoai-troi-3mp-tp-link-tapo-tc65-thumb-1-638778034687788350-600x600.jpg
camera-ip-ngoai-troi-360-do-4mp-ezviz-h90-dual,Camera IP Ngoài Trời 360 Độ 4MP Ezviz H90 Dual,https://cdnv2.tgdd.vn/mwg-static/tgdd/Products/Images/4728/336250/camera-ip-ngoai-troi-360-do-4mp-ezviz-h90-dual-thumb-1-638792734267147594-600x600.jpg
camera-ip-ngoai-troi-360-do-3mp-ezviz-h8c-pro,Camera IP Ngoài Trời 360 Độ 3MP Ezviz H8C Pro,https://cdnv2.tgdd.vn/mwg-static/tgdd/Products/Images/4728/332411/camera-ip-ngoai-troi-360-do-3mp-ezviz-h8c-pro-thumb-1-638682120388403678-600x600.jpg
camera-ip-ngoai-troi-360-do-5mp-imou-cruiser-triple-ipc-s7up-11m0wed,Camera IP Ngoài Trời 360 Độ 5MP IMOU Cruiser Triple IPC-S7UP-11M0WED,https://cdnv2.tgdd.vn/mwg-static/tgdd/Products/Images/4728/336356/camera-ip-ngoai-troi-360-do-5mp-imou-cruiser-triple-ipc-s7up-11m0wed-thumb-01-638792770683285127-600x600.jpg
camera-ip-ngoai-troi-360-do-4mp-tp-link-tapo-c520ws,Camera IP Ngoài trời 360 Độ 4MP TP-Link Tapo C520WS,https://cdnv2.tgdd.vn/mwg-static/tgdd/Products/Images/4728/327949/camera-ip-ngoai-troi-360-do-4mp-tp-link-tapo-c520ws-thumb-1-638665875524489987-600x600.jpg
camera-ip-ngoai-troi-360-do-8mp-ezviz-h80x-dual,Camera IP Ngoài Trời 360 Độ 8MP Ezviz H80X Dual,https://cdnv2.tgdd.vn/mwg-static/tgdd/Products/Images/4728/336251/camera-ip-ngoai-troi-360-do-8mp-ezviz-h80x-dual-thumb-1-638792742910933431-600x600.jpg
camera-ip-ngoai-troi-360-do-3mp-imou-cruiser-2c-s7cp-3m0we,Camera IP Ngoài trời 360 Độ 3MP IMOU Cruiser 2C S7CP-3M0WE,https://cdnv2.tgdd.vn/mwg-static/tgdd/Products/Images/4728/328117/camera-ip-ngoai-troi-360-do-3mp-imou-cruiser-2c-s7cp-3m0we-thumb-1-638665875659181690-600x600.jpg
camera-ip-ngoai-troi-360-do-2mp-tp-link-tapo-c500,Camera IP Ngoài Trời 360 Độ 2MP TP-Link Tapo C500,https://cdnv2.tgdd.vn/mwg-static/tgdd/Products/Images/4728/309381/camera-ip-ngoai-troi-360-do-2mp-tp-link-tapo-c500-thumb-1-638665770814829157-600x600.jpg
camera-ip-ngoai-troi-360-do-5mp-ezviz-h8,Camera IP Ngoài Trời 360 Độ 5MP Ezviz H8,https://cdnv2.tgdd.vn/mwg-static/tgdd/Products/Images/4728/332413/camera-ip-ngoai-troi-360-do-5mp-ezviz-h8-thumb-1-638682120202115140-600x600.jpg
camera-ip-ngoai-troi-360-do-5mp-ezviz-h8c-pro,Camera IP Ngoài trời 360 Độ 5MP Ezviz H8C Pro,https://cdnv2.tgdd.vn/mwg-static/tgdd/Products/Images/4728/338150/camera-ip-ngoai-troi-360-do-5mp-ezviz-h8c-pro-thumb-638829188651006226-600x600.jpg
camera-ip-ngoai-troi-360-do-5mp-imou-cruiser-2c-s7cp-5m0we,Camera IP Ngoài trời 360 Độ 5MP IMOU Cruiser 2C S7CP-5M0WE,https://cdnv2.tgdd.vn/mwg-static/tgdd/Products/Images/4728/328118/camera-ip-ngoai-troi-360-do-5mp-imou-cruiser-2c-s7cp-5m0we-thumb-1-638665875848462710-600x600.jpg
camera-ip-ngoai-troi-1080p-imou-bullet-2c-f22p,Camera IP Ngoài Trời 2MP IMOU Bullet 2C F22P,https://cdnv2.tgdd.vn/mwg-static/tgdd/Products/Images/4728/307179/camera-ip-ngoai-troi-1080p-imou-bullet-2c-f22p-thumb-1-638665770535574542-600x600-638683047406882648-600x600.jpg
camera-ip-ngoai-troi-360-do-3mp-tiandy-tc-h333n,Camera IP Ngoài Trời 360 Độ 3MP TIANDY TC-H333N,https://cdnv2.tgdd.vn/mwg-static/tgdd/Products/Images/4728/319644/camera-ip-ngoai-troi-360-do-3mp-tiandy-tc-h333n-thumb-1-638665863970091904-600x600.jpg
camera-ip-ngoai-troi-360-do-4mp-ezviz-h8c-pro-trang,Camera IP Ngoài Trời 360 độ 4MP EZVIZ H8C Pro Trắng,https://cdnv2.tgdd.vn/mwg-static/tgdd/Products/Images/4728/333953/camera-ip-ngoai-troi-360-do-4mp-ezviz-h8c-pro-trang-thumb-1-638723640519362544-600x600-638727092483781544-600x600.jpg
camera-ip-ngoai-troi-360-do-5mp-imou-cruiser-dual-s7xp-10m0wed,Camera IP Ngoài trời 360 Độ 5MP IMOU Cruiser Dual S7XP-10M0WED,https://cdnv2.tgdd.vn/mwg-static/tgdd/Products/Images/4728/326586/camera-ip-ngoai-troi-360-do-5mp-imou-cruiser-dual-s7xp-10m0wed-thumb-1-638665875045356579-600x600.jpg
camera-ip-ngoai-troi-360-do-4mp-ezviz-h8c,Camera IP Ngoài Trời 360 độ 4MP EZVIZ H8C,https://cdnv2.tgdd.vn/mwg-static/tgdd/Products/Images/4728/323205/camera-ip-ngoai-troi-360-do-4mp-ezviz-h8c-thumb-1-638665865932782855-600x600.jpg
camera-ip-ngoai-troi-360-do-3mp-365-selection-oc1?utm_flashsale=1,Camera IP Ngoài Trời 360 Độ 3MP 365 Selection OC1,https://cdnv2.tgdd.vn/mwg-static/tgdd/Products/Images/4728/329520/camera-ip-ngoai-troi-360-do-3mp-365-selection-oc1-thumb-1-638665880313208434-600x600.jpg
camera-ip-ngoai-troi-360-do-3mp-ezviz-h9c-dual,Camera IP Ngoài Trời 360 độ 3MP EZVIZ H9C Dual,https://cdnv2.tgdd.vn/mwg-static/tgdd/Products/Images/4728/327555/camera-ip-ngoai-troi-360-do-3mp-ezviz-h9c-dual-thumb-1-638665875213606882-600x600.jpg
camera-ip-ngoai-troi-360-do-5mp-imou-cruiser-2-gs7ep-5m0we,Camera IP Ngoài trời 360 Độ 5MP IMOU Cruiser 2 GS7EP-5M0WE,https://cdnv2.tgdd.vn/mwg-static/tgdd/Products/Images/4728/326579/camera-ip-ngoai-troi-360-do-5mp-imou-cruiser-2-gs7ep-5m0we-thumb-1-638665871670369035-600x600.jpg
camera-ip-ngoai-troi-360-do-3mp-imou-cruiser-4g-ipc-k7fp-3h0te,Camera IP Ngoài Trời 360 Độ 3MP IMOU Cruiser 4G IPC-K7FP-3H0TE,https://cdnv2.tgdd.vn/mwg-static/tgdd/Products/Images/4728/336942/camera-ip-ngoai-troi-360-do-3mp-imou-cruiser-4g-ipc-k7fp-3h0te-thumb-1-638802352862992369-600x600.jpg
camera-ip-ngoai-troi-360-do-4mp-botslab-w312,Camera IP Ngoài Trời 360 Độ 4MP BOTSLAB W312,https://cdnv2.tgdd.vn/mwg-static/tgdd/Products/Images/4728/319455/camera-ip-ngoai-troi-360-do-4mp-botslab-w312-thumb-1-638665858429134035-600x600.jpg
camera-ip-ngoai-troi-360-do-3mp-ezviz-h8c-4g,Camera IP Ngoài Trời 360 Độ 3MP EZVIZ H8C 4G,https://cdnv2.tgdd.vn/mwg-static/tgdd/Products/Images/4728/333275/camera-ip-ngoai-troi-360-do-3mp-ezviz-h8c-4g-thumb-1-638703047371170253-600x600.jpg
camera-ip-ngoai-troi-5mp-imou-ipc-s7dp-5m0wez,Camera IP Ngoài Trời 360 Độ 5MP IMOU Cruiser Z IPC-S7DP-5M0WEZ,https://cdnv2.tgdd.vn/mwg-static/tgdd/Products/Images/4728/331288/camera-ip-ngoai-troi-5mp-imou-ipc-s7dp-5m0wez-thumb-1-638666630327236218-600x600.jpg
camera-ip-ngoai-troi-360-do-5mp-365-selection-oc2?utm_flashsale=1,Camera IP Ngoài Trời 360 Độ 5MP 365 Selection OC2,https://cdnv2.tgdd.vn/mwg-static/tgdd/Products/Images/4728/329528/camera-ip-ngoai-troi-360-do-5mp-365-selection-oc2-thumb-1-638665880477197633-600x600.jpg
camera-ip-ngoai-troi-360-do-2mp-imou-cruiser-4g-ipc-s21ftp,Camera IP Ngoài Trời 360 Độ 2MP IMOU Cruiser 4G IPC-S21FTP,https://cdnv2.tgdd.vn/mwg-static/tgdd/Products/Images/4728/333168/camera-ip-ngoai-troi-360-do-2mp-imou-cruiser-4g-ipc-s21ftp-thumb-638710704944193698-600x600.jpg
flycam-dji-mini-3-gl-mt3pd-kem-dieu-khien-rc231,Flycam DJI Mini 3 (GL) MT3PD kèm điều khiển RC231,https://cdnv2.tgdd.vn/mwg-static/tgdd/Products/Images/13279/332491/flycam-dji-mini-3-gl-mt3pd-kem-dieu-khien-rc231-290425-084007-119-600x600.jpg
flycam-dji-air-3-fly-more-combo-eb3wbc-kem-dieu-khien-rc331,Flycam DJI Air 3 Fly More Combo EB3WBC kèm điều khiển RC331,https://cdnv2.tgdd.vn/mwg-static/tgdd/Products/Images/13279/332494/flycam-dji-air-3-fly-more-combo-eb3wbc-kem-dieu-khien-rc331-290425-084749-169-600x600.jpg
flycam-dji-mini-2-se-fly-more-combo-mt2sd-kem-dieu-khien-rc231,Flycam DJI Mini 2 SE Fly More Combo MT2SD kèm điều khiển RC231,https://cdnv2.tgdd.vn/mwg-static/tgdd/Products/Images/13279/332496/flycam-dji-mini-2-se-fly-more-combo-mt2sd-kem-dieu-khien-rc231-290425-083929-135-600x600.jpg
flycam-dji-mini-4-pro-gl-mt4mfvd-kem-dieu-khien-rc151,Flycam DJI Mini 4 Pro (GL) MT4MFVD kèm điều khiển RC151,https://cdnv2.tgdd.vn/mwg-static/tgdd/Products/Images/13279/332497/flycam-dji-mini-4-pro-gl-mt4mfvd-kem-dieu-khien-rc151-290425-085306-392-600x600.jpg
camera-cam-tay-dji-pocket-3-creator-combo-pp-101,Camera cầm tay DJI Pocket 3 Creator Combo_PP-101,https://cdnv2.tgdd.vn/mwg-static/tgdd/Products/Images/13438/332519/camera-cam-tay-dji-pocket-3-creator-combo-pp-101-thumb-1-638815237600341405-600x600.jpg
camera-hanh-trinh-dji-osmo-action-4-standard-combo-ac003,Camera hành trình DJI Osmo Action 4 Standard Combo_AC003,https://cdnv2.tgdd.vn/mwg-static/tgdd/Products/Images/13438/332508/camera-hanh-trinh-dji-osmo-action-4-standard-combo-ac003-thumb-03-638840471330545398-600x600.jpg
camera-cam-tay-dji-pocket-3-pp-101,Camera cầm tay DJI Pocket 3_PP-101,https://cdnv2.tgdd.vn/mwg-static/tgdd/Products/Images/13438/332518/camera-cam-tay-dji-pocket-3-pp-101-thumb-1-638815237205378691-600x600.jpg
camera-hanh-trinh-dji-osmo-action-4-adventure-combo-ac003,Camera hành trình DJI Osmo Action 4 Adventure Combo_AC003,https://cdnv2.tgdd.vn/mwg-static/tgdd/Products/Images/13438/332510/camera-hanh-trinh-dji-osmo-action-4-adventure-combo-ac003-thumb-03-638840428430409378-600x600.jpg
camera-ky-thuat-so-dji-osmo-action-5-pro-adventure-combo-ac004adv,Camera kỹ thuật số DJI Osmo Action 5 Pro Adventure Combo_AC004ADV,https://cdnv2.tgdd.vn/mwg-static/tgdd/Products/Images/13438/332516/camera-ky-thuat-so-dji-osmo-action-5-pro-adventure-combo-ac004adv-thumb-03-638840422704726100-600x600.jpg
camera-ky-thuat-so-dji-osmo-action-5-pro-standard-combo-ac004std,Camera kỹ thuật số DJI Osmo Action 5 Pro Standard Combo_AC004STD,https://cdnv2.tgdd.vn/mwg-static/tgdd/Products/Images/13438/332514/camera-ky-thuat-so-dji-osmo-action-5-pro-standard-combo-ac004std-thumb-03-638840423295638959-600x600.jpg
thiet-bi-cam-tay-chong-rung-cho-dien-thoai-dji-osmo-mobile-7-ds307,Thiết bị cầm tay chống rung cho điện thoại DJI Osmo Mobile 7_DS307,https://cdnv2.tgdd.vn/mwg-static/tgdd/Products/Images/3885/336369/thiet-bi-cam-tay-chong-rung-cho-dien-thoai-dji-osmo-mobile-7-ds307-thumb-1-638815226484998474-600x600.jpg
thiet-bi-cam-tay-chong-rung-cho-dien-thoai-dji-osmo-mobile-se-ok200,Thiết bị cầm tay chống rung cho điện thoại DJI Osmo Mobile SE_OK200,https://cdnv2.tgdd.vn/mwg-static/tgdd/Products/Images/3885/332501/thiet-bi-cam-tay-chong-rung-cho-dien-thoai-dji-osmo-mobile-se-ok200-thumb-1-638815226251809595-600x600.jpg
thiet-bi-cam-tay-chong-rung-cho-dien-thoai-dji-osmo-mobile-7p-ds507-da100,Thiết bị cầm tay chống rung cho điện thoại DJI Osmo Mobile 7P_DS507&DA100,https://cdnv2.tgdd.vn/mwg-static/tgdd/Products/Images/3885/337415/thiet-bi-cam-tay-chong-rung-cho-dien-thoai-dji-osmo-mobile-7p-ds507-da100-thumb-1-638815226929547658-600x600.jpg
thiet-bi-cam-tay-chong-rung-cho-dien-thoai-dji-osmo-mobile-6-oe200,Thiết bị cầm tay chống rung cho điện thoại DJI Osmo Mobile 6_OE200,https://cdnv2.tgdd.vn/mwg-static/tgdd/Products/Images/3885/332499/thiet-bi-cam-tay-chong-rung-cho-dien-thoai-dji-osmo-mobile-6-oe200-thumb-1-638815225938419029-600x600.jpg
may-chieu-xiaomi-smart-projector-l1,Máy Chiếu Xiaomi Smart Projector L1,https://cdnv2.tgdd.vn/mwg-static/tgdd/Products/Images/862/334564/may-chieu-xiaomi-smart-projector-l1-thumb-638750539793646840-600x600.jpg
may-chieu-xiaomi-smart-projector-l1-pro,Máy Chiếu Xiaomi Smart Projector L1 Pro,https://cdnv2.tgdd.vn/mwg-static/tgdd/Products/Images/862/334565/may-chieu-xiaomi-smart-projector-l1-pro-thumb-638750564212538722-600x600.jpg
may-chieu-mini-tripsky-hd-yk300?utm_flashsale=1,Máy chiếu mini Tripsky HD YK300,https://cdnv2.tgdd.vn/mwg-static/tgdd/Products/Images/862/336084/may-chieu-mini-tripsky-hd-yk300-thumb-638835186681745079-600x600.jpg
