id_product,name_product,description
tui-dung-airpods-pro-2-nhua-pc-tpu-uniq-clyde-lock-case,Túi đựng AirPods Pro 2 nhựa PC TPU UniQ Clyde Lock Case,"Đặc điểm nổi bật Túi đựng Clyde Lock Case được thiết kế với hai lớp kết hợp độc đáo. Lớp bên trong làm từ chất liệu PC giúp bảo vệ tai nghe của bạn khỏi các va đập mạnh và các tình huống rơi không mong muốn. Bên ngoài là lớp TPU, tạo độ đàn hồi cao, chống sốc tốt, bảo vệ tối đa khỏi các tác động hàng ngày.
Túi đựng AirPods đi kèm móc khóa bằng nhôm cao cấp, giúp bạn dễ dàng gắn túi đựng vào thắt lưng hoặc túi xách một cách an toàn và thuận tiện.
Với cơ chế khóa Clyde thông minh, túi đựng mang đến khả năng mở nhanh chóng và đóng an toàn chỉ bằng một cú nhấp. Cơ chế này giữ cho nắp AirPods Pro 2 được đóng kín chắc chắn, tránh tình trạng mở nắp không mong muốn trong quá trình di chuyển hoặc sử dụng.
Túi đựng UniQ được cắt chính xác từng chi tiết, từ loa phía dưới đến nút ghép nối ở mặt sau, đảm bảo không ảnh hưởng đến các tính năng nguyên bản của AirPods Pro 2.
Đặc biệt, túi đựng AirPods Pro 2 còn hỗ trợ sạc có dây và sạc không dây, giúp bạn dễ dàng nạp pin mà không cần tháo túi đựng ra."
tui-dung-airpods-4-silicone-pc-kem-moc-uniq-nexo-active-hybrid,Túi đựng AirPods 4 Silicone PC kèm móc UNIQ Nexo Active Hybrid,"Đặc điểm nổi bật Túi đựng AirPods 4 Silicone PC Nexo Active Hybrid được kết hợp lớp silicone dẻo bên ngoài và lớp polycarbonate cứng cáp bên trong.
Móc khóa bằng nhôm chắc chắn của túi đựng AirPods UniQ cho phép bạn dễ dàng gắn túi đựng vào balo, túi xách hay thắt lưng.
Túi đựng AirPods này hỗ trợ cả sạc có dây và sạc không dây, bạn có thể sạc AirPods 4 mà không cần tháo túi."
tui-dung-airpods-4-silicone-pc-uniq-lino-hybrid-liquid,Túi đựng AirPods 4 Silicone PC UNIQ Lino Hybrid Liquid,"Đặc điểm nổi bật Túi đựng AirPods 4 Silicone PC UNIQ Lino Hybrid Liquid được kết hợp lớp Silicone bên ngoài và lớp polycarbonate cứng cáp bên trong.
Bề mặt silicone mềm mịn tạo cảm giác dễ chịu khi cầm nắm, đồng thời hạn chế bám vân tay và bụi bẩn.
Túi đựng AirPods UniQ được thiết kế ôm khít với AirPods 4, giúp cố định thiết bị chắc chắn bên trong và ngăn ngừa rơi rớt.
Túi đựng AirPods này hỗ trợ cả sạc có dây và không dây, nên bạn không cần tháo túi ra khi sạc."
pro-nhua-deo-tpu-nap18,Túi đựng Airpods Pro Nhựa dẻo TPU kèm móc JM NAP18,"Đặc điểm nổi bật Thiết kế đẹp mắt, 3 màu lựa chọn.
Bảo vệ tốt tai nghe với chất liệu nhựa dẻo bền.
Có khe hở cắm sạc tiện lợi.
Có móc treo tiện bảo quản, mang theo."
tui-dung-airpods-pro-2-da-uniq-terra-genuine-nau,Túi đựng AirPods Pro 2 Da UNIQ TERRA GENUINE Nâu,"Đặc điểm nổi bật Vỏ ngoài túi đựng AirPods Pro 2 được làm từ da thật nguyên miếng, mềm mại và có khả năng chống sốc cao.
Túi đựng AirPods có lớp lót siêu mịn bên trong giúp bảo vệ AirPods của bạn tránh khỏi các vết xước vô ý.
Túi đựng AirPods của UNIQ tương thích với sạc không dây, giúp bạn bảo vệ AirPods ngay cả lúc sạc.
Sản phẩm có màu sắc sang trọng cùng nét riêng của chất liệu da tạo nên sự thời thượng, cao cấp."
tui-dung-airpods-pro-2-da-pu-nhua-pc-uniq-coehl-haven,Túi đựng AirPods Pro 2 da PU nhựa PC UNIQ Coehl Haven,"Đặc điểm nổi bật Túi đựng AirPods Pro 2 da PU nhựa PC UNIQ Coehl Haven sở hữu thiết kế hiện đại, tối giản với lớp da PU cao cấp bên ngoài.
Bề mặt túi đựng AirPods UniQ được xử lý chống nước nhẹ, giúp bảo vệ AirPods Pro 2 khỏi những giọt nước bắn hay mưa nhỏ.
Túi đựng AirPods được thiết kế với móc treo tiện lợi, cho phép dễ dàng gắn vào balo, túi xách hay thắt lưng.
Sản phẩm này còn hỗ trợ sạc không dây, giúp bạn không cần phải tháo túi ra khi sạc."
tui-dung-airpods-pro-nhua-deo-tpu-kem-moc-jm-sn12,Túi đựng AirPods Pro Nhựa dẻo TPU kèm móc JM SN12,Không có mô tả
tui-dung-airpods-pro-nhua-deo-carton-jm,Túi đựng Airpods Pro Nhựa dẻo Carton JM,"Đặc điểm nổi bật Thiết kế bắt mắt, vừa vặn AirPods Pro.
Đảm bảo an toàn cho tai nghe, dùng bền với chất liệu silicone và nhựa dẻo chất lượng. 
Tránh rơi rớt, thất lạc với trang bị móc treo đính kèm.
Khe cắm sạc được tích hợp, hỗ trợ sạc pin nhanh hơn."
tui-dung-airpods-pro-silicone-kem-moc-jm-ap02,Túi đựng AirPods Pro Silicone kèm móc JM AP02,"Đặc điểm nổi bật Gọn đẹp, sang trọng, nhiều màu sắc phù hợp cho giới trẻ.
Bảo vệ hiệu quả cho AirPods Pro.
Sử dụng bền bỉ với chất liệu silicone mềm mịn, chống nước, chịu va đập tốt.
Có khe cắm sạc trực tiếp cho tai nghe tiện lợi.
Gắn vào chìa khóa, balo chắc chắn với thiết kế móc treo."
1-2-nhua-deo-silicone-ck-ap002,Túi đựng Airpods 1 & 2 Nhựa dẻo OSMIA CK-AP002,"Đặc điểm nổi bật Thiết kế gọn gàng, trẻ trung, sang trọng.
Chất liệu nhựa dẻo, silicone mềm mại, độ bền cao, đàn hồi tốt.
Bảo vệ Airpods khỏi tác động lực và trầy xước, hạn chế hư hỏng.
Khe hở cắm sạc tai nghe dễ dàng.
Kết hợp móc khóa tiện lợi."
tui-dung-airpods-3-nhua-deo-tpu-switcheasy-artist,Túi đựng AirPods 3 Nhựa dẻo TPU SwitchEasy Artist,"Đặc điểm nổi bật Túi đựng AirPods SwitchEasy được sản xuất từ chất liệu bền bỉ, giúp bảo vệ tai nghe trong quá trình sử dụng hàng ngày một cách tốt nhất.
Các hoạ tiết nhỏ xinh ở vỏ ngoài tạo sự nhẹ nhàng cho toàn bộ sản phẩm.
Túi đựng AirPods cực kỳ gọn nhẹ, dễ dàng tháo/lắp, tiện lợi mang theo bên mình.
Sản phẩm được chế tác chuyên dụng cho tai nghe AirPods thế hệ thứ 3."
tui-dung-airpods-4-nhua-pc-tpu-laut-aero-protect,Túi đựng AirPods 4 Nhựa PC TPU LAUT Aero Protect,"Đặc điểm nổi bật Với kiểu dáng bo tròn, túi đựng AirPods 4 Nhựa PC TPU LAUT Aero Protect sẽ vừa vặn trong lòng bàn tay của người dùng.
Bề mặt túi đựng AirPods được xử lý bóng loáng, tạo hiệu ứng sang trọng và nổi bật cho AirPods 4 của bạn.
Được làm từ vật liệu bền bỉ, túi đựng AirPods LAUT đã được thử nghiệm khả năng chống va đập, giúp bảo vệ AirPods 4 khỏi những cú rơi rớt và va chạm bất ngờ.
Túi được trang bị móc khóa chắc chắn, cho phép bạn dễ dàng gắn vào balo, túi xách hay chìa khóa."
tui-dung-airpod-silicone-kem-moc-jm-pdc013-xam,Túi đựng AirPods 1 & 2 Nhựa dẻo kèm móc JM PDC013,Không có mô tả
tui-dung-airpods-1-2-silicone-kem-moc-jm-sn07,Túi đựng AirPods 1 & 2 Silicone kèm móc JM SN07,"Đặc điểm nổi bật Bảo vệ tai nghe tốt hơn, tránh thất lạc.
Chất liệu silicone mỏng, nhẹ, đàn hồi tốt.
Có khe hở cắm sạc trực tiếp cho tai nghe.
Dễ dàng chùi rửa vệ sinh, có kèm theo móc gắn balo, đỉa quần,..."
tui-dung-airpods-1-2-silicone-kem-moc-jm-fr03,Túi đựng AirPods 1 & 2 Silicone kèm móc JM FR03,"Đặc điểm nổi bật Thiết kế ngộ nghĩnh, nhiều màu tùy chọn.
Đảm bảo an toàn cho AirPods 1 & 2.
Chất liệu Silicone đàn hồi tốt, dễ làm sạch.
Trang bị khe cắm sạc trực tiếp.
Gắn vào chìa khóa, balo linh hoạt với móc treo."
tui-dung-airpods-1-2-nhua-cung-jm-pd03,Túi đựng AirPods 1 & 2 Nhựa cứng JM PD03,"Đặc điểm nổi bật Thiết kế sang trọng, dễ sử dụng.
Chất liệu nhựa cứng độ bền cao, kháng vỡ.
Bảo vệ tai nghe tốt hơn, hạn chế hư hỏng.
Khe hở cắm sạc tai nghe dễ dàng."
tui-airpods-pro-nhua-cung-trong-jm-pd01,Túi đựng AirPods Pro Nhựa cứng trong JM PD01,"Đặc điểm nổi bật Gọn đẹp, đáng yêu, dành cho các bạn gái trẻ.
Bảo vệ hiệu quả cho AirPods Pro.
Sử dụng bền tốt, dễ dàng vệ sinh với chất liệu nhựa cứng trong suốt đẹp mắt.
Có khe cắm sạc trực tiếp cho tai nghe tiện lợi."
tui-dung-airpods-pro-silicone-kem-moc-jm-nap31,Túi đựng Airpods Pro Silicone kèm móc JM NAP31,"Đặc điểm nổi bật Kiểu dáng sang trọng, gọn gàng, tiện dụng. 
Chất liệu silicone và nhựa dẻo chắc chắn, kháng vỡ, dễ chùi rửa. 
Bảo vệ AirPods Pro tốt hơn. 
Gắn vào vật dụng quen thuộc với móc treo, tránh thất lạc."
tui-dung-airpods-1-2-nhua-deo-carton-jm,Túi đựng Airpods 1 & 2 Nhựa dẻo Carton JM,"Đặc điểm nổi bật Thiết kế trẻ trung, 4 kiểu đa dạng.
Túi đựng có độ bền cao, kháng vỡ nhờ làm từ chất liệu nhựa dẻo, silicone.
Khe hở đúng vị trí giúp cắm sạc tai nghe dễ dàng.
Dễ dàng gắn vào chìa khóa, balo,... nhờ có thiết kế móc treo.
Tháo lắp giữa tai nghe và túi đựng đơn giản nhờ phần nắp đậy được thiết kế tách rời."
tui-dung-airpods-1-2-nhua-deo-tpuimd-nap51,Túi đựng Airpods 1 & 2 Nhựa dẻo TPUIMD NAP51,"Đặc điểm nổi bật Phong cách trẻ trung, 2 màu sắc đẹp mắt.
Độ bền cao, kháng vỡ nhờ làm bằng chất liệu nhựa dẻo.
Cắm sạc dễ dàng với khe hở khoét rộng, tương thích với vị trí cổng sạc.
Dễ dàng gắn vào balo, móc chìa khóa với thiết kế móc treo tiện dụng.
Nắp đậy được thiết kế tách rời tiện lợi."
tui-dung-airpods-pro-nhua-deo-tpu-ck-f048-osmia,Túi đựng Airpods Pro Nhựa dẻo TPU OSMIA CK-F048,"Đặc điểm nổi bật Thiết kế hiện đại, nhỏ gọn, dễ mang theo.
Chất liệu nhựa dẻo đàn hồi tốt, hạn chế nứt vỡ.
Bảo vệ AirPods Pro toàn diện.
Trang bị khe hở, có thể cắm cáp sạc trực tiếp."
tui-dung-airpods-1-2-nhua-deo-tpu-ck-f048-osmia,Túi đựng Airpods 1 & 2 nhựa dẻo TPU OSMIA CK-F048,"Đặc điểm nổi bật Thiết kế sang trọng, dễ sử dụng.
Chất liệu nhựa dẻo độ bền cao, đàn hồi tốt, kháng vỡ.
Bảo vệ tai nghe tốt hơn, hạn chế hư hỏng.
Khe hở cắm sạc tai nghe dễ dàng.
Kèm móc khóa tiện bảo quản, dễ mang theo."
tui-dung-airpods-pro-silicone-uniq-lino-hybrid-hong,Túi đựng AirPods Pro UniQ Silicone Lino Hybrid Hồng,"Đặc điểm nổi bật Kiểu dáng túi đựng AirPods tối giản, màu hồng nổi bật, thời trang.
Chất liệu Silicone giúp bảo vệ thiết bị an toàn, nhờ khả năng chống sốc, chống xước hiệu quả.
Túi đựng được thiết kế vừa vặn, dành riêng cho AirPods Pro.
Treo, móc dễ dàng với móc treo được trang bị trên túi đựng.
Thoải mái sạc pin ngay cả khi đang để AirPods trong túi đựng, nhờ các đường cắt khoét tinh tế."
tui-dung-airpods-1-2-pod-silicone-laut,Túi đựng AirPods 1 & 2 POD Silicone Laut,"Đặc điểm nổi bật Túi đựng AirPods là phụ kiện giúp AirPods tránh khỏi các va đập, các vết trầy xước vô ý.
Chất liệu silicone có độ bền cao, bảo vệ AirPods an toàn khi đồng hành trên mọi nẻo đường cùng bạn.
Túi đựng AirPods của Laut có màu hồng tươi tắn, mang đậm nét riêng.
Sản phẩm phù hợp cho cả AirPods 1 và 2."
tui-dung-airpods-1-2-pod-silicone-laut-glow-in-the-dark,Túi đựng AirPods 1 & 2 POD Silicone Laut,"Đặc điểm nổi bật Túi đựng AirPods được làm từ chất liệu bền bỉ giúp bảo vệ AirPods tránh va đập, trầy xước hàng ngày.
Thiết kế nhỏ gọn, có kèm theo móc khóa dễ dàng gắn vào túi xách mang theo bên mình mà không sợ rơi rớt.
Sản phẩm được cắt khoét chính xác, sạc pin dễ dàng.
Túi đựng AirPods Laut có thiết kế nổi bật, phù hợp với mọi đối tượng."
tui-dung-airpods-3-nhua-cung-vien-deo-laut-capsule-impkt,Túi đựng AirPods 3 Nhựa cứng viền dẻo LAUT CAPSULE IMPKT,"Đặc điểm nổi bật Sở hữu thiết kế gọn gàng, túi đựng AirPods bao bọc trọn vẹn tai nghe, đem đến khả năng bảo vệ toàn diện.
Túi đựng AirPods Laut được làm từ chất liệu bền bỉ, hạn chế trầy xước khi gặp va chạm, cọ xát.
Khe nhỏ được cắt khoét chỉn chu để hiển thị đèn LED trạng thái trên tai nghe.
Sản phẩm phù hợp dùng cho AirPods 3."
tui-dung-airpods-3-nhua-cung-vien-deo-laut-huex,Túi đựng AirPods 3 Nhựa cứng viền dẻo Laut HUEX,"Đặc điểm nổi bật Túi đựng được làm chủ yếu từ chất liệu nhựa cứng chất lượng cao tạo sự bền bỉ, giúp bảo vệ tai nghe khi va đập, trầy xước hàng ngày.
Viền của túi đựng AirPods chế tác từ nhựa dẻo mang lại cảm giác cầm nắm tốt, tránh trơn trượt khi sử dụng.
Thiết kế nhỏ gọn, vừa vặn bỏ vào trong túi, ngoài ra có kèm theo móc khóa dễ dàng gắn vào túi xách, tiện lợi mang theo bên mình mà không sợ rơi rớt.
Sản phẩm tương thích với sạc không dây.
Túi đựng AirPods Laut với nhiều màu sắc nổi bật, rực rỡ, phù hợp mọi đối tượng."
thiet-bi-dinh-vi-thong-minh-airtag-1-pack-mx532,Thiết bị định vị thông minh AirTag 1 Cái MX532,"Đặc điểm nổi bật Xác định vị trí chuẩn xác với băng thông siêu rộng Ultra-Wideband, chip U1 của Apple.
Tích hợp loa phát âm thanh cho bạn tìm kiếm nhanh hơn.
Quản lý dễ dàng trên điện thoại bằng ứng dụng Find My.
Thiết kế nhỏ gọn, dễ đính kèm chìa khóa, balo, ví,...
Đạt chuẩn chống nước và chống bụi IP67.
Sử dụng được hơn 1 năm với pin CR2032, công nghệ Bluetooth LE tiết kiệm pin. 
Lưu ý: Thanh toán trước khi mở seal."
vo-bao-ve-airtag-silicone-laut-huex-xanh-duong-nhat,Vỏ bảo vệ AirTag Silicone Laut HUEX Xanh dương nhạt,"Đặc điểm nổi bật Mẫu vỏ bảo vệ AirTag thiết kế gọn nhẹ, kiểu dáng vừa vặn, bảo vệ hiệu quả cho chiếc AirTag bên trong.
Đến từ thương hiệu Laut được chế tác từ chất liệu silicone mềm mịn.
Vỏ bảo vệ AirTag Laut sở hữu khả năng chống trầy xước tốt khi xảy ra cọ xát.
Mẫu thiết kế AirTag có móc khóa giúp móc vào balo hay những đồ dùng của bạn giúp định vị một cách dễ dàng và tiện lợi."
tui-dung-airtag-nhua-deo-pu-well-jm-nau,Vỏ bảo vệ AirTag Nhựa dẻo PU Well JM Nâu,"Đặc điểm nổi bật Thiết kế gọn gàng, trẻ trung, sang trọng.
Chất liệu nhựa dẻo, độ bền cao, đàn hồi tốt.
Hạn chế lực va đập tác động lên thiết bị trong quá trình sử dụng."
vo-bao-ve-airtag-silicon-uniq-lino-liquid-liquid-tim,Vỏ bảo vệ AirTag Silicon UNIQ LINO LIQUID Liquid Tím,"Đặc điểm nổi bật Vỏ bảo vệ AirTag có chất liệu silicone mềm mại, dẻo dai cùng gam màu tím nhạt cho các cô nàng yêu thích sự nhẹ nhàng.
Sản phẩm vỏ bảo vệ AirTag UNIQ có kích thước nhỏ gọn chỉ 31.9 x 31.9 mm, dày 8 mm cùng với trọng lượng siêu nhẹ 11 g.
Vỏ bảo vệ AirTag có thiết kế đạt chuẩn IP67 chống nước giúp bạn yên tâm gắn AirTag vào bất cứ vật dụng nào cần theo dõi.
Sản phẩm kết hợp với móc khoen giúp dễ dàng gắn vào ba lô, móc khóa, túi,..."
vo-bao-ve-airtag-4-cai-nhua-deo-tpu-uniq-glase-trang,Vỏ bảo vệ AirTag 4 Cái Nhựa dẻo TPU UNIQ GLASE Trắng,"Đặc điểm nổi bật Combo 4 vỏ bảo vệ AirTag UNIQ Glase được chế tác từ chất liệu nhựa dẻo TPU trong suốt, có tính đàn hồi cao, chống mài mòn hiệu quả.
Sản xuất vỏ bảo vệ AirTag UNIQ với chất liệu bền đẹp. 
Thiết kế hai mảnh độc đáo của sản phẩm bao quanh tất cả các mặt của AirTag giúp giữ cho AirTag không bị trầy xước hoặc bị rơi ra ngoài, giúp bạn yên tâm mang đi khắp mọi nơi. 
Vỏ bảo vệ được kết hợp với một móc khoen giúp dễ dàng gắn AirTag vào chìa khóa, balo hoặc những thứ cần thiết khác để theo dõi chúng bất cứ nơi đâu."
tui-dung-airtag-nhua-deo-pu-well-jm-den,Vỏ bảo vệ AirTag Nhựa dẻo PU Well JM Đen,"Đặc điểm nổi bật Thiết kế gọn gàng, trẻ trung, sang trọng.
Chất liệu nhựa dẻo, độ bền cao, đàn hồi tốt.
Hạn chế lực va đập tác động lên thiết bị trong quá trình sử dụng."
vo-bao-ve-airtag-uniq-silicone-xanh-mint,Vỏ bảo vệ AirTag UniQ Silicone Xanh Mint,"Đặc điểm nổi bật Vỏ đựng AirTag này được thiết kế dạng móc khoá tiện lợi, màu xanh mint đẹp mắt.
Chất liệu Silicone có độ bền bỉ cao, dễ tháo lắp.
Ôm trọng AirTag, bảo vệ AirTag của bạn một cách an toàn, chắc chắn.
Khả năng chống trầy xước, chống nước tốt."
vo-bao-ve-airtag-laut-silicone-huex-hong,Vỏ bảo vệ AirTag Laut Silicone Huex Hồng,"Đặc điểm nổi bật Thiết kế tối giản, màu hồng nổi bật.
Chất liệu nhựa dẻo siêu bền, đàn hồi tốt, bảo vệ AirTag trong thời gian dài.
Móc treo tiện lợi dễ gắn, dễ mang đi.
Thương hiệu Đức đảm bảo chất lượng túi đựng."
vo-bao-ve-airtag-silicon-uniq-lino-liquid-liquid-hong,Vỏ bảo vệ AirTag Silicon UNIQ LINO LIQUID Liquid Hồng,"Đặc điểm nổi bật Vỏ bảo vệ AirTag có chất liệu silicone mềm mại, dẻo dai cùng màu hồng phấn nữ tính thích hợp cho các bạn gái.
Sản phẩm vỏ bảo vệ AirTag UNIQ nhỏ gọn và khối lượng siêu nhẹ chỉ 11 g.
Thiết kế đạt chuẩn IP67 chống nước, kết hợp với móc khoen giúp dễ dàng gắn vào ba lô, móc khóa, túi,... để mang AirTag đi xa vẫn thuận tiện.
Sản phẩm có thiết kế thời thượng, màu sắc tinh tế, phù hợp với mọi phong cách."
vo-bao-ve-airtag-silicon-uniq-lino-liquid-liquid-xam-dam,Vỏ bảo vệ AirTag Silicon UNIQ LINO LIQUID Liquid Xám đậm,"Đặc điểm nổi bật Vỏ bảo vệ AirTag có kiểu dáng đơn giản, nhỏ gọn với kích thước 31.9 x 31.9 mm, dày 8 mm và khối lượng siêu nhẹ chỉ 11 g.
Sản phẩm vỏ bảo vệ AirTag UNIQ được làm từ chất liệu silicone siêu bền, giúp bảo vệ  AirTag dài lâu.
Thiết kế hạn chế bám bẩn, đồng thời dễ vệ sinh, lau chùi sản phẩm.
Sản phẩm giúp chống nước, kết hợp với móc khoen giúp dễ dàng gắn vào ba lô, móc khóa, túi,... để mang AirTag đi bất cứ đâu."
tui-dung-airtag-nhua-deo-pu-rains-jm-den,Vỏ bảo vệ AirTag Nhựa dẻo PU Rains JM Đen,"Đặc điểm nổi bật Thiết kế gọn gàng, trẻ trung, sang trọng.
Chất liệu nhựa dẻo, độ bền cao, đàn hồi tốt.
Hạn chế lực va đập tác động lên thiết bị trong quá trình sử dụng."
tui-dung-airtag-nhua-deo-pu-jm-xanh-dai-duong,Vỏ bảo vệ AirTag Nhựa dẻo PU JM Xanh đại dương,"Đặc điểm nổi bật Thiết kế gọn gàng, trẻ trung, sang trọng.
Chất liệu nhựa dẻo, độ bền cao, đàn hồi tốt.
Hạn chế lực va đập tác động lên thiết bị trong quá trình sử dụng."
vo-bao-ve-silicon-jm,Vỏ bảo vệ AirTag Silicon JM Đỏ,"Đặc điểm nổi bật Thiết kế gọn gàng, toàn bộ vỏ bảo vệ (túi đựng) AirTag phủ màu đỏ nổi bật ở mọi góc nhìn. 
Dễ móc vào vali, túi xách, chìa khóa xe, không sợ đánh mất nhờ đính kèm móc treo.
Làm bằng silicon dẻo dai, chịu lực tốt, dễ tháo lắp khi cần. 
An toàn hơn cho AirTag, hạn chế lực va đập lên thiết bị trong quá trình sử dụng."
vo-bao-ve-airtag-uniq-silicone-vencer-den,Vỏ bảo vệ AirTag UniQ Silicone Vencer Đen,"Đặc điểm nổi bật Móc khoá AirTag có thiết kế đơn giản, màu đen tinh tế.
Khả năng chống thấm nước cao, chịu nhiệt tốt.
Bảo vệ AirTag của bạn được an toàn, chắc chắn, tháo lắp dễ dàng."
vo-bao-ve-airtag-switcheasy-da-xanh-navy,Vỏ bảo vệ AirTag SwitchEasy Da Xanh Navy,"Đặc điểm nổi bật Chất liệu da mang lại cảm giác êm ái và thoải mái.
Thiết kế móc khóa dễ dàng gắn vào túi xách tay, ba lô, vali và các đồ vật khác.
Dễ dàng ốp vào Airtag và bảo vệ Airtag của bạn khỏi trầy xước hay hư hỏng do va chạm nhẹ."
vo-bao-ve-airtag-silicone-switcheasy-skin-xanh-nhat,Vỏ bảo vệ AirTag Silicone SwitchEasy Skin Xanh nhạt,"Đặc điểm nổi bật Vỏ bảo vệ AirTag là một phụ kiện cần thiết dành cho thiết bị AirTag của Apple. 
Vỏ bảo vệ AirTag SwitchEasy này được làm từ chất liệu silicone mang đến cảm giác thoải mái khi cầm nắm và sử dụng, giúp AirTag tránh khỏi các va đập, trầy xước trong quá trình sử dụng.
Thiết kế dạng móc khóa giúp bạn dễ dàng treo vào túi xách, balo hay bất kỳ vật dụng nào tùy thích.
Vỏ bảo vệ có màu xanh nhạt tươi sáng và thu hút, tạo điểm nhấn cho thiết bị AirTag của bạn."
vo-bao-ve-airtag-silicone-switcheasy-skin-tim-nhat,Vỏ bảo vệ AirTag Silicone SwitchEasy Skin Xanh dương nhạt,"Đặc điểm nổi bật Vỏ bảo vệ AirTag là phụ kiện thiết yếu giúp bảo vệ Airtag khi sử dụng.
Sản phẩm có thiết kế tương tự như một chiếc móc khoá với vòng kim loại giúp gắn cố định AirTag vào vật cần định vị.
Vỏ bảo vệ AirTag SwitchEasy được làm từ chất liệu silicone mềm mại, siêu bền giúp bảo vệ AirTag dài lâu.
Sản phẩm có vẻ ngoài nhỏ gọn, màu xanh dương nhạt thanh lịch, nhã nhặn."
vo-bao-ve-airtag-silicone-switcheasy-skin-trang,Vỏ bảo vệ AirTag Silicone SwitchEasy Skin Trắng,"Đặc điểm nổi bật Vỏ bảo vệ AirTag là phụ kiện giúp chống sốc cho AirTag, để bạn yên tâm sử dụng lâu dài.
Vỏ bảo vệ AirTag SwitchEasy được sản xuất bằng chất liệu silicone dẻo dai, có độ bền cao.
Sản phẩm có thiết kế tương tự như một chiếc móc khoá giúp gắn cố định AirTag vào vật cần theo dõi.
Thiết kế đơn giản, nhỏ gọn cùng màu trắng thanh lịch, nhã nhặn giúp sản phẩm như một phụ kiện trang trí cho vật dụng của bạn."
vo-bao-ve-airtag-da-pu-uniq-domus-hong,Vỏ bảo vệ AirTag Da PU UNIQ DOMUS Hồng,"Đặc điểm nổi bật Vỏ bảo vệ AirTag được làm bằng da PU với các đường may tỉ mỉ và chi tiết nút tạo điểm nhấn cho AirTag.
Sản phẩm vỏ bảo vệ AirTag UNIQ có móc carabiner hợp kim kẽm được gia cố để dễ dàng gắn vào ba lô, móc khóa, túi,... 
Sản phẩm có kích thước vừa vặn, giúp bảo vệ AirTag chống rơi vỡ và trầy xước.
Thiết kế đẹp mắt, màu sắc tươi sáng phù hợp sử dụng cho cả nam và nữ."
vo-bao-ve-airtag-nhua-deo-tpu-uniq-glase-trang,Vỏ bảo vệ AirTag Nhựa dẻo TPU UNIQ GLASE Trắng,"Đặc điểm nổi bật Vỏ bảo vệ AirTag UNIQ Glase được sản xuất từ chất liệu nhựa dẻo TPU trong suốt, có tính đàn hồi tốt, chống mài mòn hiệu quả.
Sản phẩm vỏ bảo vệ AirTag UNIQ có chất liệu bền đẹp với màu trắng sang trọng, phù hợp với nhiều người dùng. 
Có thể gắn vỏ bảo vệ vào chìa khóa, balo hoặc những thứ cần thiết khác để theo dõi chúng một cách dễ dàng.
Vỏ bảo vệ giữ AirTag chống trầy hoàn hảo, giúp bạn yên tâm mang AirTag đi khắp mọi nơi."
vo-bao-ve-airtag-4-cai-silicon-uniq-lino-liquid-liquid-xam,Vỏ bảo vệ AirTag 4 Cái Silicon UNIQ LINO LIQUID Liquid Xám,"Đặc điểm nổi bật Combo 4 vỏ bảo vệ AirTag có chất liệu silicone mềm mại, bền bỉ.
Sản phẩm vỏ bảo vệ AirTag UNIQ có vẻ ngoài đơn giản, nhỏ gọn với màu xám phù hợp với nhiều người dùng.
Thiết kế kết hợp với móc khoen giúp dễ dàng gắn vào ba lô, móc khóa, túi,...
Dễ dàng mang AirTag đi khắp mọi nơi, đồng hành cùng bạn trên mọi nẻo đường."
apple-pencil-pro,Apple Pencil Pro,"Thiết kế tối giản và khả năng kết nối nhanh chóng giúp Apple Pencil Pro trở thành công cụ không thể thiếu cho những người yêu thích vẽ và phác thảo mọi lúc, mọi nơi. • Thiết kế tối giản với gam màu trắng tinh khôi đặc trưng của Apple không chỉ tạo nên một vẻ đẹp thanh lịch mà còn thể hiện sự hoàn hảo và tinh tế trong từng chi tiết. • Nhờ thiết kế nhỏ gọn và vừa tay, chiếc bút này trở nên vô cùng tiện dụng, cho phép bạn di chuyển bút một cách nhẹ nhàng và thoải mái, tạo ra những nét vẽ mềm mại, uyển chuyển. • Với độ trễ thấp gần như bằng không, Apple Pencil phản hồi tức thì mọi thao tác, tạo ra trải nghiệm vẽ mượt mà, liền mạch như đang viết trên giấy thật. • Chỉ cần đặt  lên cạnh phải của iPad Pro, nam châm sẽ tự động hút chặt, bắt đầu sạc ngay lập tức, giúp bạn luôn sẵn sàng cho mọi ý tưởng sáng tạo. Xem thêm"
apple-pencil-usb-c,Apple Pencil (USB-C),Không có mô tả
but-cam-ung-tablet-xiaomi-pad-7-7-pro-focus,Bút Cảm Ứng Tablet Xiaomi Pad 7/ 7 Pro Focus,"Việc sở hữu một chiếc bút cảm ứng không chỉ đơn thuần là công cụ viết vẽ, mà còn là trợ thủ đắc lực giúp nâng cao hiệu suất học tập, làm việc và sáng tạo. Bút Cảm Ứng Tablet Xiaomi Pad 7/ 7 Pro Focus chính là món phụ kiện hoàn hảo để phát huy tối đa sức mạnh của Xiaomi Pad 7 hoặc 7 Pro người dùng. • Chiếc bút cảm ứng này sở hữu thiết kế thanh mảnh, hiện đại. Nhẹ chỉ 11g mang lại cảm giác cầm chắc tay, phù hợp cho cả việc ghi chú nhanh lẫn phác thảo chi tiết, giúp thoải mái sử dụng trong thời gian dài. • Với độ nhạy lên đến 8192 mức lực, bạn có thể viết, vẽ, tô đậm và nhạt mượt mà. Đặc biệt, độ trễ siêu thấp chỉ 3ms, kết hợp tần số cảm ứng 240Hz giúp mọi thao tác hiển thị ngay tức thì trên màn hình. • Bút cảm ứng Xiaomi này còn tích hợp 3 nút chức năng thông minh giúp bạn dễ dàng chuyển đổi giữa viết, chụp màn hình hoặc bật nhanh tính năng ghi chú chỉ bằng một chạm. Giúp người dùng thao tác nhanh chóng và hiệu quả hơn trong công việc hàng ngày. Xem thêm"
quat-cam-tay-mini-hydrus-jf-79,Quạt cầm tay mini Hydrus JF-79,"Giữa thời tiết oi bức và những chuyến đi không thể thiếu sự mát mẻ. Quạt cầm tay mini Hydrus JF-79 chính là người bạn đồng hành lý tưởng nhờ thiết kế nhỏ gọn, công suất ổn định cùng loạt tiện ích thông minh. Đây là thiết bị giúp bạn dễ dàng “giải nhiệt” mọi lúc, mọi nơi, từ văn phòng đến ngoài trời. • Được chế tạo từ nhựa ABS cao cấp kết hợp với các linh kiện điện tử hiện đại, quạt Hydrus không chỉ mang lại cảm giác chắc chắn khi sử dụng, mà còn có khối lượng siêu nhẹ chỉ 0.21 kg. Giúp bạn cầm nắm thoải mái trong thời gian dài, dễ dàng bỏ túi hoặc balo khi di chuyển. • Quạt được tích hợp màn hình LED hiển thị phần trăm pin, giúp bạn dễ dàng kiểm soát năng lượng còn lại và chủ động sạc lại khi cần. Cùng với đó, dây sạc dài đến 100 cm mang đến sự linh hoạt khi sạc, dù bạn cắm vào ổ điện ở bàn làm việc hay pin dự phòng cũng đều tiện lợi. Xem thêm"
quat-cam-tay-mini-hydrus-jf-102,Quạt cầm tay mini Hydrus JF-102,"Quạt cầm tay mini Hydrus JF-102 sẽ giúp bạn dễ chịu hơn khi có bên mình một làn gió mát mẻ giữa ngày hè nóng bức. Với thiết kế nhỏ gọn, pin bền, nhiều tốc độ gió và khả năng gập tiện lợi, đây là người bạn đồng hành lý tưởng cho những ai yêu thích sự linh hoạt và mát mẻ mọi lúc. • Sử dụng chất liệu nhựa ABS cao cấp kết hợp cùng linh kiện điện tử chắc chắn, quạt mini mang lại độ bền cao và cảm giác cầm chắc tay. Khối lượng chỉ 0.19 kg, siêu nhẹ, giúp bạn dễ dàng mang theo bên mình mọi lúc mọi nơi. Đặc biệt, với khả năng gấp gọn giúp bạn có thể đặt quạt trên bàn làm việc hoặc gấp lại khi không dùng đến, giúp tiết kiệm tối đa diện tích. • Quạt Hydrus được trang bị màn hình LED hiển thị dung lượng pin còn lại, cho phép bạn theo dõi tình trạng pin và chủ động sạc đúng lúc. Kèm theo đó là dây sạc dài 101 cm, giúp bạn dễ dàng sạc ở mọi vị trí dù là dùng cáp nối, pin dự phòng hay ổ điện để xa tầm tay. Xem thêm"
quat-cam-tay-mini-hydrus-jf-91?utm_flashsale=1,Quạt cầm tay mini Hydrus JF-91,"Quạt cầm tay mini Hydrus JF-91 là mẫu quạt cầm tay mini đáng chú ý với thiết kế gập tiện lợi, tích hợp móc khóa và màn hình hiển thị thông minh. Đây là lựa chọn lý tưởng cho những ai cần một thiết bị làm mát cá nhân gọn nhẹ nhưng vẫn đảm bảo hiệu suất cao và hiện đại. • Điểm nhấn đầu tiên của quạt mini này chính là bảng điều khiển màn hình LED hiện đại, hiển thị trực quan dung lượng pin còn lại, giúp bạn dễ dàng theo dõi và chủ động nạp năng lượng. Thiết kế gấp gọn độc đáo cùng khối lượng chỉ 0.22 kg và móc khoá đi tích hợp trên quạt giúp bạn dễ dàng móc quạt vào túi xách, balo và mang theo bên mình trong mọi hành trình, từ đi làm, đi học đến dã ngoại hay du lịch. • Được chế tạo từ chất liệu nhựa ABS/ PP bền bỉ kết hợp cùng các linh kiện điện tử tiên tiến, Hydrus JF-91 đảm bảo độ bền và hiệu suất hoạt động ổn định. Cổng sạc Type C hiện đại cùng chiều dài dây điện 100 cm mang đến sự tiện lợi tối đa trong quá trình sạc pin cho bạn. Xem thêm"
quat-cam-tay-mini-hydrus-jf-07?utm_flashsale=1,Quạt cầm tay mini Hydrus JF-07,"Quạt cầm tay mini Hydrus JF-07 chính là sự lựa chọn hoàn hảo dành cho bạn. Với thiết kế siêu nhẹ, cầm tay nhỏ gọn và khả năng làm mát hiệu quả, chiếc quạt này sẽ trở thành người bạn đồng hành lý tưởng trong mọi hoạt động hàng ngày để xua tan cái nóng. • Quạt được chế tạo từ sự kết hợp bền bỉ giữa nhựa ABS và các linh kiện điện tử chất lượng, quạt mini này không chỉ đảm bảo độ bền mà còn mang đến cảm giác cầm nắm thoải mái. • Với khối lượng chỉ 0.1 kg, bạn có thể dễ dàng mang theo quạt trong túi xách, balo mà không cảm thấy vướng víu. Thiết kế nhỏ gọn của quạt cũng giúp bạn cầm gọn trong lòng bàn tay một cách tiện lợi. • Hydrus JF-07 được trang bị cổng sạc Type C hiện đại, giúp việc nạp năng lượng trở nên nhanh chóng và tiện lợi hơn bao giờ hết. Bạn có thể dễ dàng sạc quạt từ nhiều nguồn khác nhau như: Sạc dự phòng hay ổ cắm điện,... Sau mỗi lần sạc đầy, quạt có thể hoạt động liên tục từ 2 đến 5 giờ, tùy thuộc vào tốc độ gió bạn lựa chọn, đảm bảo bạn luôn có làn gió mát mẻ bên cạnh. Xem thêm"
quat-de-ban-hydrus-jf-96,Quạt để bàn mini Hydrus JF-96,"Quạt để bàn mini Hydrus JF-96 chính là lựa chọn hoàn hảo nếu bạn đang tìm kiếm một chiếc quạt nhỏ gọn để bàn làm việc, học tập mà vẫn đảm bảo hiệu suất làm mát ổn định. Sản phẩm kết hợp thiết kế tinh tế với công nghệ sạc hiện đại, mang đến sự tiện dụng và dễ dàng sử dụng trong nhiều môi trường khác nhau. • Với kích thước nhỏ gọn, Hydrus JF-96 dễ dàng đặt trên bàn làm việc, bàn học hay tủ đầu giường mà không chiếm nhiều diện tích. Khối lượng chỉ 0.37 kg, giúp bạn dễ dàng di chuyển hoặc cất gọn khi không sử dụng. • Quạt mini này được làm từ nhựa ABS/ PP cao cấp, kết hợp linh kiện điện tử chất lượng, mang lại sự an tâm khi sử dụng lâu dài. Thiết kế tối giản nhưng hiện đại, phù hợp với mọi không gian nội thất. Xem thêm"
quat-de-ban-hydrus-jf-83,Quạt để bàn mini Hydrus JF-83,"Quạt để bàn mini Hydrus JF-83 sẽ thay đổi hoàn toàn quan điểm của bạn về một chiếc quạt để bàn thì phải cồng kềnh và chiếm diện tích. Không chỉ sở hữu thiết kế nhỏ gọn đến đáng ngạc nhiên, chiếc quạt này còn có sức mạnh làm mát ấn tượng cùng hàng loạt tính năng thông minh, sẵn sàng trở thành ""trợ thủ"" đắc lực của bạn trong mọi không gian nóng bức. • Được chế tạo từ sự kết hợp tinh tế giữa nhựa ABS và các linh kiện điện tử bền bỉ, Hydrus JF-83 mang đến sự chắc chắn và độ bền cao. Với thiết kế nhỏ gọn giúp bạn dễ dàng ""biến hóa"" chiếc quạt để bàn thành một khối hộp nhỏ xinh, tiện lợi cất giữ và di chuyển. Với khối lượng siêu nhẹ chỉ 0.37 kg, bạn có thể thoải mái đặt quạt ở bất kỳ vị trí nào trên bàn làm việc, bàn học hay thậm chí mang theo trong những chuyến đi. Xem thêm"
quat-cam-tay-mini-hydrus-jf-95,Quạt cầm tay mini Hydrus JF-95,"Với thiết kế nhỏ gọn, tiện lợi và nhiều tính năng hữu ích. Quạt cầm tay mini Hydrus JF-95 là lựa chọn lý tưởng cho những ai cần làm mát linh hoạt trong mùa nóng, từ bàn làm việc, khi di chuyển ngoài trời và đến những buổi dã ngoại, du lịch. • Quạt Hydrus được chế tạo từ chất liệu nhựa ABS/ PP cao cấp kết hợp cùng linh kiện điện tử bền bỉ, mang đến độ hoàn thiện chắc chắn. • Với khối lượng chỉ khoảng 0.11 kg, Hydrus JF-95 dễ dàng cầm gọn trong tay. Bên cạnh đó, còn có móc khoá được tích hợp trên quạt, điều này cho phép bạn móc vào balo, túi xách mang theo quạt mọi lúc mọi nơi mà không hề vướng víu. • Chiều dài dây sạc lên đến 100 cm giúp bạn linh hoạt sạc thiết bị mà không bị giới hạn về khoảng cách ổ điện.  này được trang bị pin 1200 mAh kết hợp công suất hoạt động 4.44 Wh, đảm bảo hiệu quả làm mát liên tục trong nhiều giờ, khoảng 1 - 3.5 giờ tuỳ vào mức độ gió mà bạn chọn. Dù là trong không gian yên tĩnh hay lúc bạn cần nguồn gió mạnh mẽ, chiếc quạt mini này vẫn đáp ứng tốt. Xem thêm"
quat-cam-tay-mini-hydrus-f15,Quạt cầm tay mini Hydrus F15,"Giữa những ngày hè oi bức, một chiếc quạt cầm tay mini không chỉ là vật dụng thiết yếu mà còn là người bạn đồng hành lý tưởng, mang đến làn gió mát tức thì. Quạt cầm tay mini Hydrus F15 nổi bật với sự kết hợp thông minh giữa thiết kế tiện lợi và hiệu suất làm mát ấn tượng, hứa hẹn sẽ là lựa chọn hoàn hảo để bạn luôn cảm thấy thoải mái và dễ chịu. • Được chế tạo từ sự kết hợp giữa nhựa ABS bền bỉ và các linh kiện điện tử chất lượng, quạt mini sở hữu thiết kế nhỏ gọn, khả năng gập linh hoạt cùng khối lượng siêu nhẹ chỉ 0.24 kg. Nhờ đó, bạn có thể dễ dàng mang theo bên mình một làn gió mát sảng khoái mọi lúc mọi nơi, từ những buổi dạo phố, giờ làm việc tại văn phòng đến các chuyến du lịch khám phá. • Điểm cộng công nghệ của Hydrus F15 còn nằm ở màn hình LED hiện đại, hiển thị rõ ràng dung lượng pin còn lại, giúp bạn chủ động quản lý thời gian sử dụng và sạc pin kịp thời. Cùng với đó, chiều dài dây sạc 100 cm mang đến sự thuận tiện tối đa trong quá trình nạp năng lượng cho quạt, không còn lo lắng về khoảng cách đến nguồn điện. Xem thêm"
quat-cam-tay-mini-jf131,Quạt cầm tay mini JF131,"Quạt cầm tay mini JF131 được sản xuất với công nghệ hiện đại, thiết kế nhỏ gọn và hiệu năng vượt trội, mang đến cho bạn trải nghiệm làm mát cá nhân tuyệt vời. Với thời lượng pin lên đến 15 giờ, 199 cấp độ gió tùy chỉnh và sạc USB tiện lợi, JF131 chắc chắn là người bạn đồng hành không thể thiếu trong những ngày hè oi ả. Thiết kế nhỏ gọn Quạt cầm tay mini JF131 được thiết kế vô cùng nhỏ nhắn (6,8x6,8x18,9cm) và khối lượng chỉ vỏn vẹn 0,297kg, quạt cầm tay mini vô cùng thích hợp để mang bên mình mọi lúc mọi nơi mà không lo cồng kềnh, vướng víu. Ngoài ra, chất liệu nhựa ABS và PC chắc chắn, ổn định, để quạt hoạt động bền bỉ trong thời gian dài. Xem thêm"
